0,1,-118.3777404772162,53.258951463776775,OW
1,0,-115.56995838419444,54.75180882710376,R
2,1,-112.33597142499308,54.711410053626956,OW
3,1,-112.03570806608435,53.86522945149151,IF
4,0,-111.08480445231913,54.38856191301314,MS
5,0,-112.05995865334245,54.49543194335779,OW
6,0,-116.07651291285387,55.03444236532809,GP
7,0,-115.30303620202389,53.90684864759143,OW
8,1,-114.52427077274949,53.15944188332925,GP
9,1,-111.60541133936105,54.38039300449898,GP
10,0,-113.43682947110005,54.67619520767029,PL
11,1,-114.76486925108044,53.555796254075986,MS
12,1,-113.27998667416902,53.62689337424955,PL
13,1,-119.15712495634118,54.6231654147227,CS
14,1,-119.03227940754412,54.185519592185074,GP
15,0,-115.48205218640612,53.9254255724271,OW
16,0,-111.24875529812543,54.75176617912642,IF
17,0,-119.33849889526783,53.99803220393038,OW
18,0,-117.49537484202057,54.775401804287945,PL
19,0,-111.36865650409878,53.22657033749722,R
20,1,-117.28697105022674,54.55220339365048,CS
21,1,-113.45437880180461,53.870140277803756,IF
22,0,-116.42946216304588,54.77799555450093,IF
23,0,-110.68189282108762,52.936734778695374,MS
24,0,-117.6368225700612,53.387923945375704,R
25,1,-115.16941284768035,53.222489261818694,CS
26,0,-110.33715628431634,52.939429386682555,OW
27,0,-118.93844857340869,54.782737357530955,GP
28,1,-116.55975774995123,54.342284152977896,IF
29,0,-114.8271351765917,54.86051148525174,OW
30,1,-113.86428794854221,55.04664170158199,GP
31,0,-110.69516301126546,53.724102786121584,GP
32,0,-113.12762692789202,53.431255526401294,CS
33,1,-118.70872931229523,54.862173535617835,R
34,0,-118.87494187322292,54.01731361148146,IF
35,1,-118.94696366124077,53.72404933445714,R
36,0,-111.73559505891916,54.74902484140049,GP
37,0,-119.7464189306346,53.916444733540736,CS
38,0,-113.71039116598885,54.0818976745308,R
39,0,-111.9846221269037,54.60581904676624,R
40,1,-118.09782682983433,54.19056797414061,GP
41,1,-116.43031930200871,53.343670983533855,R
42,1,-114.21570165731677,54.222377578935166,CS
43,1,-116.67339865325154,53.44737333379259,IF
44,1,-113.8878384783282,53.455589659976084,OW
45,1,-114.98841940271664,53.508921840949576,IF
46,0,-117.41705604773624,53.40117842391307,IF
47,1,-116.9795884900554,53.51824714320867,GP
48,0,-119.48406204057854,54.75905305142265,CS
49,1,-119.34154332674294,54.38116086257152,PL
50,1,-118.96848090099667,53.781630327426384,GP
51,1,-116.14670901222087,55.022113446519995,MS
52,1,-113.90231038784772,54.715657014913496,IF
53,1,-115.91133381634164,53.332412348131854,CS
54,0,-117.97910936808307,54.20442993241408,OW
55,0,-117.66573973628607,53.10040001543482,CS
56,1,-115.85318351792361,53.65622620993421,GP
57,1,-110.59795926564468,54.36484130738097,IF
58,1,-113.87574110532739,53.28402627525476,PL
59,1,-117.0348972610553,53.85100405691689,MS
60,1,-116.45439450673155,54.019542841396195,OW
61,0,-118.35410568104038,54.37757784706909,MS
62,0,-112.14460288849166,53.465524874978165,R
63,1,-117.22508419841915,54.27589870671509,IF
64,0,-119.14146467999677,53.004941404491504,CS
65,0,-117.16538205782217,54.9742994617004,MS
66,0,-115.58328944831777,53.115580027449134,MS
67,1,-114.98420243661621,53.6637945716218,CS
68,0,-113.31142095676347,53.22987693445189,GP
69,1,-110.91096099534637,54.69110832327499,PL
70,0,-118.03573292983755,53.14724322257004,GP
71,1,-117.45192043813937,53.48669788994721,OW
72,1,-117.55439389966732,54.19856370606578,MS
73,0,-118.7211205492145,53.157873589280356,R
74,1,-116.25656629471506,54.60022574155516,R
75,0,-117.30296967955488,52.9271076559475,IF
76,0,-118.95577464873608,54.04594687533359,PL
77,1,-113.60653109622064,54.643069143782114,MS
78,1,-119.29410957960496,54.50991124969497,PL
79,1,-114.013125196598,54.363496477098934,IF
80,1,-110.54611966115293,54.33977978928538,GP
81,1,-119.69385094796449,53.16554370564637,IF
82,1,-114.43137628304078,53.46211942894477,OW
83,1,-111.96638640275117,53.11789495649797,OW
84,0,-112.96608542458995,54.7615596957855,CS
85,0,-116.01157870437481,53.415973594959745,OW
86,1,-115.74535129789501,53.27578710759769,CS
87,0,-110.75071937475612,53.89821904766407,PL
88,1,-116.99610148422526,53.66367683091616,PL
89,1,-119.39528910824606,55.045254353468856,IF
90,1,-116.84645301380975,53.05948887991614,R
91,1,-110.91333897947271,53.80174545577416,GP
92,0,-112.95908529369792,53.050989651739066,R
93,1,-114.67997182543647,54.18036354052884,PL
94,1,-113.62794066032457,54.31915762488027,CS
95,1,-118.48301793021685,53.59210190480969,IF
96,0,-111.96670285689136,54.827722888306546,R
97,1,-113.76904941137934,54.58519672588932,R
98,0,-119.35237342022788,53.06327027377379,IF
99,1,-110.36968844950408,54.633428411973625,IF
100,1,-117.01249169525674,54.84643014503708,GP
101,0,-114.05446886477218,54.68027990486677,OW
102,0,-116.95928166709854,54.611687528078136,R
103,0,-117.93897370112307,53.33345144194025,MS
104,0,-113.09235525275797,53.40647703619956,R
105,1,-117.36048581385697,52.977398419405304,R
106,1,-117.47689161561506,54.87054520087584,PL
107,1,-115.87722125209675,53.44719516988492,MS
108,0,-111.16781884757852,54.31976701378112,MS
109,0,-119.88454781453711,54.79676376621953,IF
110,0,-115.05942401056792,53.589340865055625,MS
111,1,-113.61869594702878,54.39020690187204,OW
112,1,-112.16949569202512,54.88964104746184,OW
113,1,-117.44575085130873,52.96562953660952,OW
114,0,-113.97387006363448,54.44429199642669,IF
115,1,-119.26258137756881,53.17394307910563,IF
116,0,-112.54848657207387,54.549956307893325,CS
117,0,-116.72377205934797,53.61687412337593,OW
118,1,-115.36891036597574,54.20706771184092,R
119,0,-111.82208113567047,53.65700978450269,R
120,0,-119.48941359897907,53.758897852407145,R
121,1,-115.65547631427388,54.38943612074762,PL
122,1,-115.17036164530897,52.98528001264285,GP
123,1,-114.84460292030414,53.69784422796625,R
124,0,-112.9704916137805,54.99510084290993,OW
125,1,-111.61373387811425,54.57816088713673,GP
126,0,-117.00609664264559,52.997268414132044,IF
127,1,-117.47439682596607,54.832519523327825,CS
128,1,-115.70881997129452,54.09730841449877,PL
129,0,-111.65870476500483,53.720708503721205,OW
130,1,-117.95685375290147,53.33710751578125,PL
131,1,-119.83435762211805,54.220229052039144,IF
132,1,-117.5532169073332,54.20695619970694,OW
133,0,-111.45696317211872,54.76377542923492,OW
134,0,-116.06403347601214,54.80350407140453,IF
135,0,-119.57286551555298,54.24578093376045,CS
136,1,-114.83369133236036,54.74743753796828,PL
137,1,-114.39518789963874,53.7596880167822,GP
138,1,-114.0359385435495,53.04110254491961,PL
139,1,-110.4086812735489,54.22360444028598,MS
140,0,-112.18404982117352,54.47608689960319,GP
141,0,-115.47001340573536,53.88531922910618,PL
142,0,-113.08218706368807,53.44553807621477,MS
143,1,-115.25290008847033,53.687679472898,MS
144,0,-115.14374773719679,54.52348029587574,IF
145,0,-116.13571632618773,54.01954849589806,CS
146,0,-112.69282909171103,52.9844072882536,MS
147,0,-117.90410579163493,54.48928624576659,PL
148,0,-119.21530584437042,52.940240838603394,GP
149,0,-113.70178955123481,54.53994971832927,CS
150,0,-111.03181627491743,54.53300236816646,IF
151,0,-115.48488573337329,53.77081298237143,PL
152,1,-116.82674350713873,54.92968525046599,PL
153,0,-112.72357233284218,54.262271259639675,GP
154,1,-113.27818212788928,54.67856442742033,OW
155,0,-118.57976993034573,54.18483315691143,GP
156,1,-118.12500506913729,54.20272775074921,MS
157,1,-112.54282757315472,54.03677064831206,CS
158,1,-114.9068528688686,53.54619527822052,OW
159,1,-116.9898773100643,54.19256432814856,MS
160,1,-111.43901980310791,53.12668713904567,IF
161,0,-116.46841207951685,54.349352279049334,PL
162,1,-116.1371479675276,53.82219341806246,MS
163,0,-111.50164295945896,54.451295134417585,CS
164,0,-118.14961918711093,54.828413183931055,GP
165,0,-115.91375601731005,53.807267160696846,MS
166,0,-119.43643668816118,54.78258237112258,IF
167,1,-116.73472847199388,53.30602243266874,R
168,1,-116.97058363939614,54.15668646129623,GP
169,0,-113.628330880491,54.084581782544205,PL
170,1,-117.53522236499195,54.025468468458755,R
171,0,-112.45968796740179,52.94172830434534,MS
172,1,-117.4451881127227,53.24576486226773,IF
173,0,-111.3680628723808,54.347620559601076,MS
174,0,-111.15919376852284,53.021678730090585,R
175,1,-113.4250497076946,53.753852066344635,OW
176,1,-112.42240099875923,54.54171039766621,CS
177,0,-110.90707123321714,54.48981848736518,R
178,1,-112.28025070352112,54.79304330301761,PL
179,0,-110.77535438946657,53.41415403712483,PL
180,1,-110.40074844695489,53.93741120762884,R
181,1,-112.37821698203912,54.42285175903606,CS
182,0,-114.2837913810106,53.05760855990006,MS
183,0,-119.65788168597106,54.21501578981408,IF
184,1,-117.18490549489083,53.31440376528742,CS
185,0,-116.38410482374557,53.62768334496898,MS
186,0,-116.63356318993142,53.855141331784274,OW
187,0,-118.57198405069246,52.92442943617544,MS
188,1,-110.40798898139883,54.11415560752954,CS
189,1,-112.89363105532979,54.254788292655306,PL
190,1,-116.70055542863618,53.61617548793368,IF
191,1,-111.71882260928294,53.794540190487844,CS
192,1,-112.42877736320138,54.04524141071291,GP
193,0,-119.86400000968865,54.374941011006946,PL
194,0,-117.24112947373233,54.796191553286384,CS
195,1,-114.06907324162921,53.894130718542236,PL
196,0,-116.04680580440599,54.33864955770584,R
197,0,-118.22354643379846,54.91156663763144,IF
198,0,-112.21185539771061,54.54786954142143,GP
199,1,-115.48705241034493,53.806257871840174,MS
200,1,-117.542133163276,54.17295997672788,R
201,1,-118.53071635466169,53.671664258416044,PL
202,1,-116.46188876125689,54.760487880974594,R
203,0,-111.61863979828902,54.70618149787781,CS
204,1,-117.87208230457054,53.030015408464635,MS
205,1,-112.71829076445385,54.712679910870406,R
206,1,-110.95810416477606,53.140247377647874,MS
207,0,-112.24209355922493,53.71743819312268,R
208,0,-114.14934745676179,53.97369926199999,CS
209,0,-112.95778479756189,53.70846265347499,IF
210,1,-119.83334624893837,54.95494704212162,IF
211,1,-114.9819422603098,53.881768351988036,OW
212,0,-111.63742916791796,54.881825067442264,OW
213,1,-111.56475463958458,53.38058011870771,GP
214,1,-117.11547506971964,53.56451525166985,PL
215,1,-111.7820408517847,54.83027902100553,R
216,0,-115.01469167290637,53.62580874246575,OW
217,0,-112.52533977162041,54.281112037063366,CS
218,1,-117.22907783097624,54.27635371556666,CS
219,1,-118.81986518406907,53.904343372057056,GP
220,0,-116.3473139229362,54.71116418578962,MS
221,1,-112.56167229104864,53.59916176836714,GP
222,0,-116.59558675813132,54.55809409704499,CS
223,1,-116.60121901336052,54.63938463029612,IF
224,1,-111.33590030130874,54.71763068891133,CS
225,1,-118.88939535816522,54.46072379610679,OW
226,0,-110.96322559435455,53.193931396965766,OW
227,0,-110.75246703328025,55.04947483747284,R
228,1,-113.48603063726092,53.34507310844298,GP
229,1,-110.87847017595338,53.69544842327609,R
230,0,-117.03768201925907,54.3749613456051,PL
231,0,-115.82118845929348,54.23485849108116,CS
232,0,-118.4014208544025,54.75673059341751,OW
233,0,-118.9321680567602,54.24718631173246,GP
234,1,-113.31560440786829,53.487244363312506,PL
235,0,-117.92600531130284,54.408103397283384,IF
236,1,-111.24781403925924,54.94802219088366,IF
237,1,-112.92493330835624,54.33125854503269,CS
238,0,-115.76296405746291,54.10171302184507,R
239,0,-118.95460109491695,53.77833462871423,GP
240,1,-116.54760691183678,54.191723193824565,OW
241,1,-117.87928889205936,54.31665900109115,R
242,0,-113.33545281784679,54.895295285455745,PL
243,1,-119.68725196201031,53.71796269248942,MS
244,1,-118.21378324386723,54.44372065071892,CS
245,1,-116.29427079749874,53.5432404772579,OW
246,1,-115.22593117691883,53.1810745277476,R
247,1,-119.1196758455808,53.79263337255807,R
248,1,-116.58422209121565,54.67254830580708,GP
249,0,-114.24067082015581,53.22958000794321,GP
250,0,-111.66164924131768,53.4979291027455,IF
251,0,-111.98417037739225,54.83995045582611,OW
252,1,-118.8709006943301,53.22521394690557,CS
253,1,-110.2914978648038,53.043500427509336,MS
254,0,-111.04353393315041,54.25329029459401,CS
255,0,-112.64464133828756,53.10625567355766,MS
256,0,-113.56546963045088,53.7508751992265,MS
257,0,-114.14066916980627,54.33642262159825,OW
258,0,-114.05343424426557,53.23974712582534,MS
259,1,-117.03047711380563,53.15946741450025,OW
260,1,-119.16740051979413,54.90271050624185,R
261,0,-116.91569259110699,54.077141078552565,OW
262,1,-116.13682736157779,53.806643241626844,R
263,1,-110.66496971843176,54.90390452750899,PL
264,0,-119.77597935854115,54.93224221301076,PL
265,0,-113.06634921989478,54.153060888153576,CS
266,1,-113.74770012994536,54.881808546058735,OW
267,1,-110.97474518668345,54.80899025979444,PL
268,1,-118.68367051298095,54.771371830563794,CS
269,0,-110.62770955189696,52.901129491613474,PL
270,0,-112.36734082948631,53.23838993068836,PL
271,0,-115.6438417259757,54.909128253909515,OW
272,1,-110.94383385418419,54.03115755332407,OW
273,1,-112.9199774474492,54.15314207644466,R
274,1,-115.80676605374863,54.075470001796944,GP
275,1,-113.37789910773748,53.85772383097646,IF
276,0,-117.47516713547539,53.11140762776112,IF
277,0,-110.83816173546992,53.006296441546354,IF
278,1,-117.64371024922569,54.62271450379617,OW
279,1,-113.20313174838535,54.70457700763813,PL
280,0,-116.74740796087778,54.03486027770947,MS
281,1,-118.50521765810808,54.19591862632588,PL
282,0,-117.12585053052936,54.005592281702036,MS
283,0,-115.60185726076612,53.85480083607384,MS
284,0,-119.76730914816306,53.34572388205864,PL
285,0,-117.77748425750812,54.66897101698332,CS
286,1,-116.18956710589481,53.924151700967464,OW
287,0,-111.69960589302406,54.51256165894799,PL
288,1,-119.8531514520703,54.75147677420159,IF
289,1,-116.8471823099495,54.486573963628196,CS
290,0,-110.95036904460437,54.71446632752021,OW
291,0,-112.70059143110572,52.95469894103626,GP
292,0,-113.36883194288157,54.66163861231349,R
293,0,-117.13849154118837,53.24342309055389,OW
294,1,-110.52273563483088,54.608746099497914,PL
295,1,-115.88288414571021,53.35084480795639,MS
296,1,-116.22041060093893,54.43186863149381,CS
297,1,-118.72422627599181,53.32911767774484,R
298,1,-118.19585890995077,53.10223066573179,PL
299,1,-117.36189368000413,52.95893225077684,OW
300,1,-113.69657737522192,53.00266507839495,GP
301,0,-117.54483171717703,54.18999919889688,MS
302,1,-111.09685918287404,54.1432532148445,OW
303,0,-114.89594104390338,54.46867006381432,OW
304,0,-112.82211942364248,54.030366165920334,OW
305,0,-113.83024325050116,53.70461952424993,CS
306,0,-112.73060980546506,53.960531267893295,OW
307,1,-117.59424900826464,54.15975452254377,PL
308,0,-114.78330255788067,54.763652135912324,IF
309,1,-115.83602265720008,53.305078863206745,MS
310,0,-110.8498175368883,54.45395581532501,CS
311,1,-112.50383938856572,54.696548231403995,PL
312,1,-112.03501728421635,54.97948655375373,R
313,0,-110.6662353520444,54.7181790704425,PL
314,1,-118.31874445245921,53.82929393534548,MS
315,0,-117.03318453832553,54.5142749381253,R
316,1,-113.72884799046511,54.90070438655711,CS
317,0,-119.09629140119169,53.32010756235895,GP
318,0,-110.88938336164257,54.72063732628051,MS
319,0,-113.13063292976436,54.12685942096994,CS
320,1,-118.81430858194797,54.07471250523213,PL
321,0,-114.3761908190857,53.449957256175765,GP
322,0,-119.34179722107255,52.967465732620376,PL
323,0,-114.29368827597598,54.2868143797429,OW
324,0,-114.85020215312963,54.967973209677815,R
325,0,-111.01843206148041,53.80675636585325,PL
326,0,-119.64360197096568,54.794324697043216,MS
327,0,-118.65953669238586,54.08592414556703,IF
328,1,-111.35672183693165,53.41801743676421,CS
329,0,-112.60431631602384,53.289820860792666,R
330,0,-111.83423341863778,54.93817834104107,R
331,0,-111.90238777806638,54.21235686383785,OW
332,0,-116.42720410587677,54.823520376295235,MS
333,1,-118.58025052378652,53.52803381830869,PL
334,1,-115.96391291978405,54.730318242759424,MS
335,1,-119.13620392575388,54.743479601627364,GP
336,1,-111.8750030083431,53.54503844216454,IF
337,1,-111.5684238831982,53.55257930591151,CS
338,0,-117.5361114190914,52.992089651931664,OW
339,0,-115.154612304944,54.967918163698016,CS
340,1,-116.06455043158326,53.870222558490354,CS
341,1,-119.59792673360305,53.38366524834993,CS
342,0,-111.90157504166945,53.85569133614936,CS
343,0,-112.79583997836107,53.50386829954547,IF
344,0,-117.24225371635626,53.50653127435351,MS
345,1,-118.80180898717786,54.84469098723551,GP
346,1,-119.33735982797023,53.595086971903115,MS
347,0,-110.94981496741552,54.57830779775888,PL
348,1,-119.60638769398903,54.91774198552473,PL
349,1,-115.36709685733875,53.55567733018531,PL
350,0,-110.85422449605447,53.814998456720915,PL
351,0,-112.08012543066697,52.90645010017764,MS
352,0,-113.55163555574804,53.84704882561975,IF
353,0,-114.70180581570698,53.82948048666199,IF
354,0,-117.67446907781903,53.774351745798874,MS
355,1,-113.42543127894871,54.937706575632824,R
356,0,-119.82190857722921,54.68183763836983,IF
357,0,-116.54056160864927,53.99440407920924,MS
358,1,-119.72956118079334,53.43392785077611,GP
359,1,-114.43981025989197,54.73650856899379,MS
360,0,-114.56175231333052,54.61047981835632,PL
361,0,-118.09148969674271,54.490698103180435,CS
362,1,-118.27444500623196,53.16366416099111,MS
363,1,-113.10094353898478,53.635790622538494,R
364,0,-113.43297944623195,53.55492351590562,GP
365,1,-114.27405272809634,54.06025993668815,OW
366,1,-116.77220226381597,53.35478305563459,CS
367,1,-118.84380327830391,53.53441615526508,CS
368,1,-110.39193429150201,53.60746495085238,MS
369,0,-113.05883156108162,54.066974359882266,IF
370,0,-110.46000518648378,53.126946907966456,MS
371,1,-118.77079373234166,53.007545913456276,OW
372,0,-110.57524740078705,53.678980133686274,GP
373,1,-112.85102685281537,53.683724229997594,PL
374,0,-116.12430744174944,53.1299311392731,PL
375,0,-111.42596179998424,53.46879206971928,R
376,0,-118.05658037140239,54.84791215080051,R
377,0,-112.212954023062,54.49640186621385,CS
378,1,-117.73905196792305,53.40643903126416,OW
379,0,-115.21100767628548,53.40222547904183,CS
380,0,-114.32881289040185,53.33405303829506,R
381,1,-110.58242318751202,52.94102384207844,CS
382,1,-116.17586127286384,53.58384824721222,CS
383,1,-118.61201325829859,53.86312884586472,MS
384,0,-112.9158824133618,54.69327871298187,IF
385,1,-117.248991335657,54.68095176045775,OW
386,1,-118.83680867868253,54.39073636509726,GP
387,0,-115.18701379952337,54.69551165998447,IF
388,1,-112.21046494529318,52.97315962233052,OW
389,1,-116.45007536908315,53.63350935698678,IF
390,1,-111.40160886111781,53.76463321551984,MS
391,0,-110.9970361256196,53.482858244395445,OW
392,1,-112.90407050375627,53.47880461539186,CS
393,0,-116.67025417546269,53.07135340276721,MS
394,0,-113.5820356475165,53.10638483156973,OW
395,0,-118.08448625183192,53.8323823790941,MS
396,0,-116.36250600807281,53.636383101153115,MS
397,0,-110.76064871986037,53.67230933708688,PL
398,1,-118.74016285503262,53.01306111100419,GP
399,0,-113.79816833084614,54.565227689064145,OW
400,0,-110.95525497198376,54.207208839706965,IF
401,1,-119.7670673525311,53.6528311803381,R
402,0,-115.89865706741632,53.50493882058038,IF
403,1,-119.62811691883408,53.48869877605209,GP
404,0,-111.08620835527688,53.33944664548489,OW
405,0,-116.62016087563197,54.763829502397904,IF
406,1,-113.35121722971806,53.5661303788425,OW
407,1,-114.38901318517411,54.02247071044691,GP
408,0,-117.94531511622003,53.78790614107759,GP
409,1,-119.86139362021163,53.055561751732505,GP
410,0,-119.71082454164375,53.995546432070626,OW
411,1,-118.1373964466389,53.44894751174667,GP
412,0,-115.39615386406477,54.90050651612286,R
413,0,-116.14329762250638,54.42633990255048,R
414,0,-119.36373166897836,53.97379685753878,CS
415,1,-115.37845988392233,53.79137191877272,MS
416,0,-117.94183005143528,53.40529289224141,IF
417,1,-112.14638361967795,53.272172578833235,IF
418,0,-114.4849408648255,53.19313926478285,PL
419,1,-119.26631662651471,54.62269249375875,IF
420,1,-114.12935816855463,55.02023342559211,GP
421,1,-117.56922803236631,54.30036456612115,R
422,1,-113.60815113812575,53.471846473984506,R
423,0,-119.09170634158629,53.889081304728926,MS
424,1,-116.33503964664285,53.68301054960098,MS
425,1,-114.69532121354237,53.93033693647534,GP
426,0,-113.64346429687293,54.565574317897934,PL
427,1,-119.75084681875262,54.34560942459831,GP
428,0,-117.91164254234288,53.28690406595158,GP
429,1,-115.50946753140327,54.04166879006713,CS
430,0,-111.75575408134537,53.611736897615856,R
431,0,-114.27075401350328,54.97427865121195,PL
432,1,-116.06843986970868,53.409381085228716,GP
433,0,-110.94633972440714,54.26681205340179,PL
434,1,-111.45680041894337,54.92059592939686,CS
435,1,-111.577523073827,54.295428774907045,OW
436,0,-119.40922099317474,52.97164933209268,GP
437,1,-112.61392216328763,53.94108931442994,GP
438,1,-111.14180950508216,53.20917343083296,MS
439,0,-113.44383387527634,53.539567236380584,CS
440,1,-111.68925106864543,54.23715130354947,MS
441,0,-112.41451702191506,54.3718843867019,GP
442,1,-117.51590910857769,54.536212210033526,PL
443,0,-111.27089505735236,54.7204929384057,CS
444,0,-115.49599742019873,54.97579733792298,OW
445,0,-116.72023712064725,53.07678587119642,MS
446,0,-116.82137220372023,52.99375181347489,MS
447,0,-119.7473873438455,55.017322207865796,R
448,0,-114.17087505778551,54.87929668198604,IF
449,0,-116.60636850279228,54.3840834738356,IF
450,0,-114.80138866826974,52.904723418128434,GP
451,1,-118.31260849285688,54.778616014085145,IF
452,0,-114.20661788447963,54.451114991136336,CS
453,0,-118.53881027009004,54.64905294027275,GP
454,1,-111.42191511953214,54.70503340397838,OW
455,0,-111.35634793869748,53.96299078231676,PL
456,0,-112.38680381619022,53.03339724264922,IF
457,1,-115.13923424728937,54.4553410509586,CS
458,0,-112.6600235100554,54.4370239604849,IF
459,0,-117.68966773668039,54.92029185352458,GP
460,0,-117.04644543224525,53.40532247291483,CS
461,0,-112.07438719370363,53.28192261629484,CS
462,1,-111.85032562874707,54.86461976420294,PL
463,1,-112.9397191925541,54.12534467612898,R
464,1,-111.10724081277826,53.43832725204903,GP
465,1,-110.61674987533424,54.17205574251683,OW
466,0,-117.7708847536393,54.082659852346445,GP
467,1,-116.73012502130919,54.27063954562924,CS
468,0,-113.01606666188384,53.8743323810082,IF
469,1,-115.93777340769478,53.133502518139814,PL
470,1,-115.24513401225346,54.70147047003986,OW
471,0,-119.31862387100124,53.33935706374047,IF
472,0,-113.21247599869662,54.62413083246671,MS
473,1,-116.06787268461262,53.84919637853452,GP
474,1,-117.75636768586045,53.420482520223985,CS
475,1,-112.00702567372677,53.284500118559556,MS
476,0,-116.20367959712542,54.6738563562128,MS
477,0,-119.01197818752051,54.11240837408305,PL
478,1,-113.32071243609225,53.79618183655685,GP
479,0,-113.0052235688754,53.10587866036019,MS
480,1,-115.00256331058468,54.55635104679985,CS
481,0,-119.45718660876709,53.544611118506154,CS
482,0,-111.71148655991948,53.07558513068375,IF
483,0,-113.0890987064375,54.97307394483209,PL
484,0,-119.21146140655583,54.8897597852924,MS
485,0,-115.97855654279458,54.61593465214147,R
486,0,-113.49996322284537,53.740224837982545,PL
487,0,-116.09261723387466,53.92657702267932,R
488,0,-112.82061374693254,54.085107709610135,IF
489,0,-117.59619401013764,54.1701233813688,PL
490,1,-112.61351894166712,53.16439349028381,R
491,1,-116.6468829984864,54.09104294232445,CS
492,1,-110.90393239184534,53.10321376469413,GP
493,1,-115.14126195557105,54.692370492029426,GP
494,0,-119.07809494255719,53.62575690001236,GP
495,1,-116.05555520758644,53.02552295972674,GP
496,1,-114.46500730606294,54.29005173100946,CS
497,1,-116.43982934104085,54.51347186209872,GP
498,0,-118.16596404690739,53.67343828315335,GP
499,1,-116.45703870025298,53.06312509595401,IF
500,0,-112.83509241419864,53.431086960238034,OW
501,1,-111.49267677478981,53.265675807093565,MS
502,1,-118.59325440507405,54.10352629286832,R
503,0,-114.83090837897453,52.97786321601691,MS
504,1,-118.19151077003538,55.012649624705496,OW
505,0,-114.08089807899701,54.21147207243446,CS
506,0,-113.60367825682415,54.88306606181573,PL
507,1,-111.56507752930906,53.60013244822391,MS
508,0,-116.37848709725233,54.18318170574812,OW
509,0,-115.73914050160856,53.45906000838803,R
510,0,-117.5608311539709,54.15947576407536,PL
511,1,-113.41595881670786,54.710375717659964,IF
512,1,-115.03917375590804,54.34593134345245,OW
513,0,-117.40428435580168,54.394795792449216,CS
514,1,-113.87829747834708,53.945775369610054,OW
515,1,-111.66740855611474,54.33201744710084,GP
516,1,-112.79774748475725,54.44837957432935,PL
517,0,-115.54297817528291,52.94961469071496,R
518,1,-112.2261681643325,54.83433475608736,OW
519,1,-115.90990561229019,54.29996189876772,IF
520,0,-116.37497040077349,53.47475716167141,IF
521,0,-117.09615465801134,52.910788646954195,PL
522,1,-110.76674740243845,54.662648993571594,PL
523,1,-116.18553073257183,54.74437540393009,PL
524,1,-111.82173109823843,53.290834712790854,PL
525,1,-111.60899118043164,53.804680461497696,OW
526,0,-119.7887149975693,53.47509687650201,PL
527,1,-118.19599741184965,54.71761638875994,R
528,0,-116.75244933856887,53.135972318733934,R
529,0,-117.8261379784759,54.18248460429282,GP
530,0,-113.56885184354638,54.68665115272427,R
531,1,-116.84601210084269,53.87488515687933,OW
532,0,-112.51336534327767,53.42719761172139,PL
533,1,-113.43096511314623,54.585954200019515,PL
534,1,-111.69795254607578,55.043968939016025,GP
535,0,-117.13908476824207,53.11928165518554,GP
536,0,-110.9444578171891,53.18163799979062,CS
537,1,-119.82373999430234,54.35453495503808,R
538,0,-119.46869501205482,53.88450589825135,PL
539,1,-111.36025125524121,54.451644792354436,CS
540,1,-117.70726221083322,53.403598650934256,MS
541,0,-111.3644302270632,54.929824167626464,GP
542,0,-110.98212443215263,54.19511760791546,GP
543,1,-118.85884391172983,53.83009995567765,GP
544,1,-113.85314192577219,54.89949807180847,PL
545,0,-116.63479081247809,53.084538686698174,MS
546,1,-114.71966746667566,53.74433493840934,PL
547,0,-117.70021409619329,54.77348318960807,PL
548,1,-114.29139416280616,53.59713456188968,GP
549,1,-112.69068792002184,53.71959522736783,PL
550,1,-115.90592814864108,53.638364602736395,IF
551,0,-116.57052667526544,53.546200438771685,MS
552,0,-111.67956799445284,53.930140252384405,CS
553,0,-118.82538735142032,53.70765972733577,MS
554,0,-115.02074915398346,53.8626078680647,IF
555,1,-113.52278134102284,53.302634062872905,OW
556,0,-112.15976749028202,55.027226694529524,OW
557,1,-111.6089830305761,54.91830364133621,GP
558,1,-115.52282696782186,54.5901619488074,GP
559,1,-118.3089988892561,54.76597344520424,R
560,1,-112.98690524217008,54.70914542256746,GP
561,0,-119.26525376412837,54.32063694400749,R
562,0,-114.23337630740407,54.96817741746414,R
563,0,-111.97012118009631,54.47153965249083,R
564,1,-118.73852195076005,54.46832876101271,PL
565,1,-115.24575350881626,54.89838766763118,OW
566,1,-117.50771472756489,53.57430099942512,IF
567,1,-111.19801729694868,53.35125576605735,CS
568,1,-117.15798451372082,54.68532439301187,PL
569,0,-110.92066793198705,55.01318138849273,MS
570,0,-114.98993129292273,54.857002838370555,PL
571,0,-114.93012668020094,54.261643667842,MS
572,1,-115.51883504327515,54.92777878317629,CS
573,0,-113.07136562999958,54.7229386581549,MS
574,1,-112.31529143539879,53.44320223593263,OW
575,0,-115.68524475816928,53.57883196011791,CS
576,0,-110.28761515182654,53.814774676416796,PL
577,1,-111.88900181556168,54.908760854935835,MS
578,1,-116.98105228756629,53.076999197906055,R
579,1,-114.67534464569272,54.324495361749314,MS
580,0,-110.48750769805818,54.16226836416657,OW
581,0,-111.67915461369711,54.84668450163276,IF
582,1,-110.60176038085658,53.15037423389778,MS
583,1,-119.24627829861487,54.08638991470397,CS
584,0,-119.1784576746014,54.86510581155029,R
585,0,-118.95512357485597,53.38853932306944,PL
586,0,-118.51052161509737,54.454992664094874,GP
587,1,-111.48163884706585,54.97602873603988,R
588,1,-117.21653513118747,54.64039512871892,MS
589,0,-112.29252843678162,54.91110576119036,OW
590,0,-111.1819096625688,54.8169457753468,CS
591,1,-119.29218427982062,53.83534840166014,GP
592,1,-115.72874954092974,53.55409555439131,R
593,0,-113.83711236156412,53.03490505623057,PL
594,1,-115.77849256294942,53.45530448990078,CS
595,1,-113.5061795015567,53.616495139506384,R
596,0,-110.98401610780564,53.07712822990091,PL
597,1,-115.08262497322876,54.3451271514962,PL
598,0,-119.83809310491104,54.214995289822745,CS
599,0,-119.06385999228236,54.15764796644613,PL
600,0,-116.40037239940176,52.99240552235174,GP
601,1,-119.66314075945014,53.648160890935294,IF
602,1,-114.28973330040024,53.89885672746405,GP
603,0,-116.48728121379969,54.93967800260621,PL
604,0,-112.85699849240339,53.5451325498682,MS
605,0,-118.19012227692328,54.682331400849066,CS
606,0,-117.69940183111878,54.35648196668961,PL
607,0,-116.37377048419977,54.695583171353086,PL
608,0,-112.3893587252067,53.80221765949674,MS
609,0,-116.94570598477038,53.544767829700824,PL
610,0,-110.29021000651622,53.86913740578408,R
611,1,-116.94773180355585,54.59868169821193,R
612,0,-113.73076442607996,54.73216520465889,MS
613,0,-115.74935266620538,54.59576658755933,MS
614,0,-116.00482612712845,53.03253689759085,IF
615,1,-118.76920116405348,53.29538451563398,OW
616,1,-117.36471263797587,53.19772782057059,GP
617,1,-114.7180740277773,53.508190910308045,OW
618,1,-117.58115480046823,53.293151893300085,R
619,1,-111.26184554153869,54.99402369883022,OW
620,1,-113.44068920414462,54.55779660620965,CS
621,1,-110.44883360474873,53.1674555977863,PL
622,1,-111.82184192562023,52.91354995122544,R
623,0,-112.03888075639868,53.13095831068547,PL
624,1,-119.17638257451769,53.21796133183736,GP
625,0,-112.31112395617778,53.75114546062937,IF
626,1,-116.4777707182387,53.200291302022286,CS
627,0,-115.69347704041623,53.93470588142872,OW
628,1,-117.5015420970079,54.568462281522415,GP
629,0,-118.38491849255442,54.16280645919687,R
630,0,-114.43371272885945,53.23531686031865,PL
631,0,-118.67018358757491,54.05090940421252,R
632,0,-117.7417765805736,53.20595698976629,GP
633,0,-112.02132423644386,53.489516315365364,CS
634,0,-119.70897900317142,53.25500898205666,GP
635,0,-111.06662091353799,53.17305352695634,MS
636,1,-117.55140125924791,53.10975775926868,IF
637,0,-115.60530633454627,53.57343201412567,PL
638,0,-117.6947882814439,54.89940677759224,PL
639,0,-111.32974489283566,53.3389627021017,GP
640,0,-116.05256890301843,54.55014852098985,MS
641,0,-119.23303053030827,53.36310424860298,MS
642,1,-112.54170595647017,54.33758365750345,OW
643,0,-114.76484296501867,54.28264211188429,IF
644,0,-117.11318929282446,53.35460867030031,OW
645,1,-113.28363738304863,55.01235230050191,IF
646,0,-114.3591912935005,53.1263424858906,R
647,0,-110.34781693028764,54.018090248110695,GP
648,0,-112.98075101939388,53.31041667583477,GP
649,1,-117.42833450674877,53.62803106015115,GP
650,0,-118.02242017470768,53.917402749722804,R
651,1,-116.83119022506934,55.03918556822595,IF
652,0,-119.87359798137935,54.376990644993185,IF
653,0,-118.69730545599568,53.7132559782549,CS
654,1,-110.29130428479792,53.73464337265162,CS
655,0,-113.6593448627616,54.15812496255575,CS
656,0,-110.80103436954204,54.284832645329494,R
657,0,-117.59958081779453,54.697082151450985,PL
658,0,-118.81336424558926,53.34759791617442,R
659,1,-115.89523043501312,54.33290663635151,IF
660,0,-110.45403654235315,52.915932311576654,R
661,0,-111.5221907725179,54.262517757477525,CS
662,1,-111.3736263046288,53.345650611206906,R
663,0,-114.48722625980139,54.76102473493749,GP
664,0,-114.60964161406359,53.42791033305317,R
665,0,-116.22004085586796,53.437232341368286,PL
666,0,-111.29934845269926,53.30494946321354,CS
667,0,-115.07984926234484,54.00781860230888,IF
668,0,-115.67030212960478,53.5951107249266,GP
669,0,-111.85731686447998,55.03783760422408,OW
670,0,-118.33933961905991,54.39512622058858,OW
671,0,-112.26790961311127,54.22880532395293,MS
672,0,-110.97279202198915,54.00871688623962,OW
673,0,-117.0343700632165,54.16831285896387,IF
674,0,-112.32218543110861,53.277020508887695,CS
675,1,-115.3548816738672,54.92747396247363,GP
676,1,-117.90887665803452,54.65327994106099,R
677,1,-115.60022460671308,53.96474345342785,MS
678,1,-113.13821060138493,54.47581016068425,CS
679,0,-117.52817976017766,53.68679379864489,R
680,0,-116.38780410340146,54.848103054641435,GP
681,0,-112.51558664456245,53.135118407186965,OW
682,1,-119.57416628366039,54.076922728161605,CS
683,0,-118.43462432813,52.91160190742122,PL
684,0,-111.59539277733843,54.55955700450187,CS
685,0,-115.66971286251247,54.721289227518085,OW
686,0,-116.25425600811148,53.94434007471064,CS
687,0,-113.44332068998082,53.93928805449368,R
688,0,-119.48999968061665,54.39176244878826,OW
689,0,-113.87697021912759,53.19613753635644,MS
690,1,-115.82486092973498,53.62083930687455,CS
691,0,-118.19767470938847,54.93812303191605,IF
692,0,-117.14059525490099,54.519535567904676,PL
693,0,-110.55760041717093,53.73390595713681,IF
694,1,-116.01675460288794,52.943594572344225,MS
695,1,-112.87897248040525,54.24304683415873,PL
696,1,-116.7181149474883,53.98143759411429,PL
697,0,-116.37606488171055,54.207843562401855,R
698,1,-113.74137235934424,53.7126960187808,CS
699,1,-115.8286319851204,54.84760917098621,CS
700,0,-119.55530212546518,54.50106209250008,OW
701,0,-119.56635871935308,54.12557175185926,IF
702,0,-117.15412210884465,53.949859255675086,R
703,0,-112.11013161665481,53.90985339537127,IF
704,1,-112.81063772752744,53.806411579716546,MS
705,1,-111.90026275586497,54.701011573765896,R
706,1,-116.69863689658105,53.05528242114568,R
707,0,-118.01869617740496,53.18113450517279,OW
708,1,-119.1766507164191,54.45478388305931,CS
709,0,-114.46083759234585,54.80021072166423,R
710,1,-110.37605619122976,53.39320432230749,OW
711,1,-115.81411860356671,54.321213374404365,R
712,1,-118.43115160406346,53.86348450462552,IF
713,0,-112.30962136632677,52.946171215373745,IF
714,0,-111.94740226052676,55.01025104837316,R
715,0,-114.60787658696282,54.6474676949289,PL
716,1,-118.74911302369819,53.9649041140819,CS
717,1,-113.43757194621656,53.96127196430496,GP
718,0,-112.4861708565063,54.70352826805459,MS
719,1,-116.45786131170735,53.22964539800077,CS
720,0,-111.09303077693589,53.62564669751738,MS
721,0,-114.14285453919122,54.91181532569958,IF
722,0,-117.02183617244916,54.02764436559147,PL
723,0,-112.07846239896669,53.2737691493232,OW
724,1,-115.31270190481061,53.700449781269604,GP
725,1,-116.96258168619518,54.50508496987399,R
726,1,-114.61702959495963,53.4550528601078,PL
727,0,-115.9736444576587,53.48783928326532,OW
728,0,-116.39128344085331,53.64878590470451,GP
729,1,-116.64522699387427,53.15366301286775,GP
730,0,-116.8214132223681,54.55397702077974,CS
731,0,-111.13040212328403,53.801950946090095,OW
732,1,-113.64616216351439,53.589289921059866,R
733,1,-117.12982857120838,55.01740660863724,R
734,1,-112.1032328426021,54.800767251743665,CS
735,1,-116.04610449812903,54.061264824643274,CS
736,0,-110.39943455943555,53.11491708699735,GP
737,0,-112.75423656491236,54.240051510995585,R
738,0,-113.70617819875287,53.10402601971354,GP
739,1,-117.99864086261927,54.94749024460328,MS
740,0,-113.60170246977398,54.52452260179878,OW
741,1,-118.853468856754,54.8334855774709,MS
742,1,-111.5300074404922,53.98687750361699,CS
743,1,-114.19400911776425,54.707658070487724,OW
744,0,-117.48573205068877,53.26388397528674,IF
745,1,-112.54893038294352,53.251334200843125,OW
746,0,-112.29047266245752,54.31357501421819,PL
747,0,-116.4831133879756,54.99777035286251,CS
748,1,-117.04426640269998,53.51095358051214,OW
749,1,-116.77168060617555,53.344715301454286,OW
750,1,-117.43723514135868,53.042272558905736,R
751,1,-119.44152369416159,53.98802819023871,R
752,0,-116.17213523885428,54.5858414358596,R
753,1,-118.63951848837353,54.1741978820981,OW
754,1,-112.19455667789053,53.23619097282061,OW
755,1,-115.74095977903087,53.71942881908641,IF
756,1,-117.62998590223685,53.28059340691775,PL
757,1,-112.86965016704595,53.89405355087112,GP
758,1,-110.72467542936691,53.73253095443085,PL
759,1,-116.8501740548726,54.078961834739005,CS
760,1,-111.38729660332375,52.977115262318584,GP
761,0,-112.22093019907905,53.60931788625514,IF
762,1,-112.32543647506459,54.51057149368045,PL
763,0,-118.8310907412397,53.0961239427457,OW
764,0,-114.52813076087236,53.91895974208908,MS
765,0,-111.3495898497322,53.00075208317854,MS
766,0,-116.85002003872036,54.66586703868821,OW
767,1,-119.31616440386098,53.88364554981951,IF
768,1,-111.78500460074075,53.40565208463403,CS
769,0,-117.38095995267092,54.925452245189234,IF
770,1,-119.09000212056092,53.20650699589272,GP
771,1,-113.17472588590383,54.18425968026589,IF
772,0,-114.78472932157646,54.590591246083015,PL
773,1,-111.70543778149116,53.55079060084087,GP
774,0,-111.23905937631822,54.79956907590996,IF
775,0,-119.71135022307149,54.65096273297884,PL
776,0,-114.78074198033555,54.980701184809476,MS
777,0,-118.09251345360049,53.69186751919091,IF
778,1,-118.07973436009195,53.49555778416965,GP
779,1,-117.58356521387904,52.9195926861909,R
780,0,-111.28191286321871,53.476110697523495,GP
781,0,-116.76912962870811,54.60193633128352,R
782,0,-115.46056575377916,53.54496591922138,PL
783,1,-117.39543650262122,52.94304476738721,MS
784,0,-112.83022906069132,53.763591275893624,OW
785,1,-114.23867845258313,54.04547089861672,CS
786,1,-119.76957845651843,53.231596407442865,R
787,0,-111.67310771028525,54.901177832520816,PL
788,0,-116.83649796790813,54.72870814875351,MS
789,1,-119.86974347491638,53.3570230172749,R
790,0,-119.45800800000976,53.09893271893782,OW
791,0,-117.20468292316573,54.459213452921944,MS
792,1,-113.39649849847477,54.756199388471614,GP
793,1,-111.02351785905935,54.10970869874798,GP
794,0,-112.97148981313347,53.90528645206765,R
795,1,-111.20106079743564,53.878015882764544,CS
796,1,-114.00768068275907,54.5491329759165,R
797,1,-113.78449872878184,53.285895914386,OW
798,0,-113.91593691295125,54.8487030133961,PL
799,1,-117.751639778676,54.765416609743866,R
800,1,-117.64792128049261,53.53372854920523,IF
801,1,-115.62909196087735,54.214654148009195,GP
802,1,-118.16873166164794,54.30666274275164,PL
803,0,-114.46423217520345,52.99048417471705,IF
804,1,-112.57241752565864,54.195281127939225,GP
805,1,-113.46556962734655,54.54608379053123,CS
806,0,-111.10500563049436,54.31538777551816,R
807,1,-111.01835682350391,54.219132228449894,MS
808,1,-111.2154653531793,53.35028643349372,IF
809,0,-117.83877133430575,52.947527255859974,GP
810,0,-119.12842976586104,54.15092763022729,MS
811,0,-119.36583232039904,54.83451902502936,R
812,1,-117.64663255097183,54.64567368675036,IF
813,1,-115.35699331645031,53.898500042961835,PL
814,0,-119.8265513121917,53.16644876803987,OW
815,0,-116.64777143403484,54.321230100558154,MS
816,1,-111.58855419953639,54.44448122887577,IF
817,0,-119.20488727077067,53.48956707041582,PL
818,0,-119.50271460683472,53.50959153969377,OW
819,1,-119.88619513989302,54.39379342672838,IF
820,0,-114.85663023578614,52.9932356442756,IF
821,1,-117.28269806690231,54.81656228671991,R
822,1,-114.3736403375313,54.165722427384736,PL
823,0,-112.88590187355075,54.3495284060728,IF
824,1,-115.02388605958427,54.656317864282066,GP
825,1,-118.1374383952763,54.02344081259117,PL
826,0,-115.4977388441816,54.815222450244946,CS
827,1,-113.61600026019985,53.751259385637965,CS
828,0,-116.08874746828108,53.77869763546658,PL
829,1,-116.6388213219369,53.51179613951308,GP
830,1,-113.49908265089763,54.90683431510475,OW
831,0,-115.50521070184861,54.3713255865877,PL
832,0,-115.90147829279113,53.22921848182192,MS
833,0,-115.71423168532368,52.987404238778,OW
834,1,-118.28095346738894,54.2723759442616,GP
835,1,-114.59974959048061,54.97131648136114,OW
836,0,-118.35073313453559,54.16247415120193,IF
837,0,-119.02215896492338,53.179318620593264,GP
838,0,-110.64757363214683,54.03544470455087,CS
839,0,-114.24812818987056,54.75889870091132,GP
840,1,-115.47897202913445,54.90388866934057,CS
841,1,-112.91332908847315,54.7791813142287,GP
842,1,-110.53982536712587,53.550401315181986,GP
843,1,-118.72123505154494,53.36933206106957,MS
844,0,-111.27621733848537,54.54742790016746,R
845,1,-118.23912781966776,53.73077858240651,OW
846,1,-115.51845199934195,54.171762330806416,R
847,0,-116.93790095686713,53.68870448020763,MS
848,1,-114.66533175993976,54.1154834726532,IF
849,1,-119.11244056398013,54.85257614864972,PL
850,0,-115.17452568921117,52.99606711346915,R
851,0,-115.11219028255546,54.22094022885934,GP
852,1,-115.3698422712686,54.468311998082015,IF
853,0,-119.84451710651017,54.14560267042844,GP
854,1,-117.0448079664508,53.30877296349206,GP
855,1,-116.81465659740046,54.73113678345577,IF
856,1,-116.0915733132292,54.835746679136975,PL
857,0,-115.69950481780086,54.27804405653462,GP
858,0,-117.90676989876606,53.576336409070784,MS
859,0,-117.44716801701037,53.15654445352805,MS
860,0,-118.06029149118955,53.841727135443286,PL
861,0,-113.93344794074272,54.045553434004134,IF
862,1,-119.57940040289144,54.65962204885734,IF
863,1,-113.74883345996659,53.597769298538246,MS
864,0,-110.63742335211604,53.49994207317865,GP
865,0,-112.0370031002671,54.17293368866016,R
866,1,-111.00868552059126,54.07429331216167,R
867,0,-116.81806795070689,53.72184606180889,GP
868,1,-113.51710496974835,53.74781833268186,PL
869,1,-111.87525197062516,54.135077701406026,R
870,0,-113.39556927057073,54.656223113052825,GP
871,0,-117.33128874371316,54.838532331595424,MS
872,0,-113.28111107474116,54.997232509601986,GP
873,1,-118.40278978489582,54.82620866243219,R
874,0,-119.84276915075846,53.4851922068592,GP
875,0,-112.18411578230004,54.06337272620443,CS
876,1,-114.98703021219758,53.5738659283889,GP
877,1,-112.95154977556766,54.88301910515073,IF
878,1,-118.01014449004394,53.5350463992932,CS
879,0,-113.2899210062458,54.788321392939935,IF
880,0,-113.70632712328131,53.809318374266375,R
881,1,-115.2646507565439,54.01649956558442,CS
882,1,-115.83166038935335,53.29238561133177,MS
883,0,-118.87801671309172,54.378278480614895,PL
884,1,-110.94315911931639,53.34205314561959,R
885,0,-110.44900158590096,53.57469119623368,IF
886,0,-113.94735867085518,53.893854393975055,OW
887,0,-117.2258342573618,53.66650064808519,R
888,1,-111.6214471320553,53.49542024487596,MS
889,1,-115.01706442171434,53.0487627983897,R
890,1,-114.51929997868548,54.39696669168151,MS
891,1,-113.01921519903937,54.01512874286115,R
892,0,-119.24155966323413,53.63499993222765,IF
893,0,-119.88564313104715,53.717141372154806,IF
894,1,-118.8230313430863,53.752930250389426,CS
895,0,-114.8642226235704,53.555682820914605,GP
896,0,-111.88515076276839,54.411909118360946,IF
897,0,-113.75678285678558,54.834452482184886,GP
898,1,-117.7675816270323,53.088407729221146,IF
899,0,-115.13542172455209,53.61007677366118,PL
900,1,-119.72300067710066,53.26929060297857,R
901,0,-115.125674553867,54.60838510564752,PL
902,1,-110.89578116498016,53.03430816496852,MS
903,1,-116.34712990429291,54.68378129497152,PL
904,0,-116.02169628327886,54.21153496976486,R
905,1,-119.2989360346167,54.94983194876296,R
906,1,-114.33871758082621,53.85773249623175,OW
907,0,-110.68444893394627,53.36498539617865,OW
908,1,-110.45978429682114,54.64622692560745,CS
909,0,-119.70175440219712,53.47410834522571,PL
910,0,-115.44872884033457,53.28784588402219,R
911,1,-114.07913883773448,54.096782044721685,CS
912,0,-111.46359662685713,54.350666365511266,MS
913,0,-113.34795348663073,54.31712374582719,GP
914,0,-112.66606381965094,54.75576359786413,CS
915,0,-113.0640917502765,53.89335287082876,OW
916,1,-117.37104104260098,54.9468041832616,GP
917,0,-118.0694711994996,53.67350541983899,R
918,1,-116.01759800634179,54.68204293658461,GP
919,1,-119.14634871096712,52.98868834637809,MS
920,0,-114.0660771457144,52.970656547003195,MS
921,0,-113.2678171004156,53.806916768167795,CS
922,0,-115.553229659098,53.0058618854879,OW
923,1,-117.470488236581,54.368440109731644,GP
924,1,-112.49056118458205,54.7791175268695,IF
925,0,-116.60259043269927,53.94538692678745,MS
926,0,-112.22160272111283,53.446813132275906,IF
927,1,-115.43241341986959,53.59871046265369,R
928,1,-117.15038614220715,53.264900887257646,GP
929,1,-117.97971788722401,53.1368102343837,GP
930,1,-112.38886868666644,53.05038030305344,CS
931,1,-112.48277328428622,53.07876066273952,IF
932,1,-118.79739856319469,54.02280133087092,R
933,0,-119.28551933880178,54.58563092775914,GP
934,0,-116.2361661109318,54.55059906581184,R
935,1,-117.72224576245958,53.20234816012605,IF
936,1,-111.55758618031982,54.18549353245523,CS
937,0,-112.30242942129742,52.93904671599032,GP
938,1,-116.41721055512079,53.933653482834764,R
939,1,-116.34105594148012,54.07964463261806,CS
940,1,-116.52974729335035,53.776813161436024,R
941,0,-111.20796179263053,53.689376815203744,PL
942,1,-113.04624196955635,53.29601586649064,GP
943,0,-118.42473240273513,54.39698504254549,GP
944,0,-118.2463059049231,53.22237462847733,GP
945,1,-110.88537041802394,53.825450680461394,CS
946,1,-118.78878513353297,54.059158387313175,GP
947,1,-119.30006497235891,54.1463756584488,MS
948,0,-116.67101644623575,53.37373286797375,IF
949,0,-111.87241503367294,54.344973409629624,GP
950,0,-118.40803811734203,54.314762805012904,IF
951,0,-117.90563621996081,54.8460526184383,CS
952,1,-118.58791113599115,54.17626828813579,R
953,1,-118.41351117174216,54.82976967969781,GP
954,1,-114.50974528256702,53.35945808780783,IF
955,1,-119.8061015663049,54.24152384037786,IF
956,0,-115.35485339892027,53.440292733670766,R
957,1,-118.1297297325253,52.940815348236335,IF
958,0,-113.40016908600302,53.32297090874964,R
959,1,-112.70768550800504,53.16232253756632,OW
960,1,-113.3705586947792,53.75146664408306,PL
961,0,-117.99819480495054,53.53893293207648,R
962,1,-110.4309956008738,54.20016049657801,MS
963,1,-116.44438071998357,53.435705251877074,R
964,0,-117.19655829426002,53.92282798876136,IF
965,0,-112.18246826874318,54.13279409267825,IF
966,0,-115.7177309418891,53.48166668780952,OW
967,1,-114.62913999329643,54.45634665698733,CS
968,1,-113.63105635412444,54.06672496701147,MS
969,0,-118.71666268788826,54.389000561713175,GP
970,0,-113.80967481776383,54.30539394375064,R
971,1,-118.21405535210172,53.79013051503404,CS
972,1,-112.33601411836307,53.169204495950815,IF
973,1,-115.17570301114226,52.976556405427694,PL
974,1,-115.15648362306439,54.47655934749345,GP
975,0,-111.89872839137155,54.113967172445584,CS
976,1,-112.43619555171475,53.58216548649539,R
977,0,-114.1603447619614,53.60779122237429,MS
978,0,-117.41036621033554,53.130826411997525,GP
979,0,-119.43304874305292,53.687240249547486,PL
980,0,-119.62754039957261,53.190948602320596,GP
981,1,-112.86158017333184,54.44453028749129,R
982,0,-115.8611525523445,53.10587953245817,R
983,1,-117.63792581612026,54.10015348895518,IF
984,1,-117.00681429029274,53.056385423623375,R
985,0,-112.89544987378677,54.785382870531194,PL
986,1,-118.0612537659241,55.03395242867736,MS
987,1,-116.86004005416491,53.27016737526292,GP
988,0,-110.41251570435196,54.91261726586569,MS
989,0,-118.79308776595195,53.42633381465748,CS
990,1,-118.01304457293551,54.115064720747654,R
991,0,-115.3651721189602,53.98534144195273,IF
992,0,-114.55392020949803,54.305637382147545,CS
993,0,-112.93880246918086,53.32934690360755,GP
994,1,-112.31242059229027,53.28785300873997,IF
995,0,-112.61237004600777,54.32843237252189,MS
996,0,-117.44695120955217,54.67817987747923,GP
997,0,-115.914774139826,53.723516956963884,OW
998,0,-112.88123624039054,53.06874664118192,R
999,1,-110.34949795294158,53.89559350820535,PL
